mutant-id|timeToExecute|0-sha1 node|1-sha1 browser|2-v5|3-uuids with current time|4-uuids with time option|5-msec|6-exception thrown when > 10k ids created in 1ms|7-clock regression by msec|8-clock regression by nsec|9-explicit options product expected id|10-ids spanning 1ms boundary are 100ns apart
MUTANT 3|1316ms|1|1|0|1|1|1|1|0|0|0|0
MUTANT 4|1397ms|1|1|0|1|1|1|1|0|0|0|0
MUTANT 1|1508ms|1|1|1|1|1|1|1|1|1|1|1
MUTANT 6|1243ms|1|1|0|1|1|1|1|0|0|0|1
MUTANT 5|1336ms|1|1|0|1|1|1|1|0|0|0|0
MUTANT 7|1231ms|1|1|0|1|1|1|1|0|0|0|1
MUTANT 9|1051ms|1|1|0|1|1|1|1|0|0|0|1
MUTANT 8|1085ms|1|1|0|1|1|1|1|0|0|0|1
MUTANT 10|1120ms|1|1|0|1|1|1|1|0|0|0|1
MUTANT 11|1193ms|1|1|0|1|1|1|1|0|0|0|1
MUTANT 12|1196ms|1|1|0|1|1|1|1|1|1|0|1
MUTANT 13|1278ms|1|1|0|1|1|1|1|1|1|0|1
MUTANT 14|1181ms|1|1|0|1|1|1|1|1|1|0|1
MUTANT 15|1158ms|1|1|0|1|1|1|1|1|1|0|1
MUTANT 16|1148ms|1|1|0|1|1|1|1|1|1|0|1
MUTANT 17|1323ms|1|1|0|1|1|1|1|1|1|0|1
MUTANT 18|1196ms|1|1|1|1|1|1|1|1|1|1|1
MUTANT 20|1212ms|1|1|0|1|1|1|1|1|1|0|0
MUTANT 19|1229ms|1|1|0|1|1|1|1|0|0|0|0
MUTANT 21|1185ms|-2|-2|-2|-2|-2|-2|-2|-2|-2|-2|-2
MUTANT 22|1220ms|1|1|0|1|1|1|1|1|1|0|0
MUTANT 23|1172ms|-2|-2|-2|-2|-2|-2|-2|-2|-2|-2|-2
MUTANT 24|1218ms|1|1|0|1|1|1|1|1|1|0|0
MUTANT 25|1203ms|-2|-2|-2|-2|-2|-2|-2|-2|-2|-2|-2
MUTANT 26|1268ms|1|1|0|1|1|1|1|1|1|0|0
MUTANT 27|1174ms|1|1|0|1|1|1|1|1|1|0|0
MUTANT 28|1175ms|-2|-2|-2|-2|-2|-2|-2|-2|-2|-2|-2
MUTANT 29|1209ms|1|1|0|1|1|1|1|1|1|0|0
MUTANT 30|1234ms|1|1|0|1|1|1|1|1|1|0|0
MUTANT 31|1211ms|-2|-2|-2|-2|-2|-2|-2|-2|-2|-2|-2
MUTANT 32|1204ms|1|1|0|1|1|1|1|1|1|0|0
MUTANT 33|1247ms|1|1|0|1|1|1|1|1|1|0|0
MUTANT 34|1221ms|-2|-2|-2|-2|-2|-2|-2|-2|-2|-2|-2
MUTANT 36|1194ms|1|1|0|1|1|1|1|1|1|0|0
MUTANT 35|1265ms|1|1|0|1|1|1|1|1|1|0|0
MUTANT 37|1193ms|-2|-2|-2|-2|-2|-2|-2|-2|-2|-2|-2
MUTANT 38|1179ms|1|1|0|1|1|1|1|1|1|0|0
MUTANT 40|1129ms|1|1|1|1|1|1|1|1|1|1|1
MUTANT 39|1151ms|1|1|0|1|1|0|1|0|0|0|0
MUTANT 41|1264ms|1|1|1|1|1|1|1|1|1|1|1
MUTANT 42|1196ms|1|1|0|1|1|0|1|0|0|0|0
MUTANT 43|1163ms|1|1|0|1|1|0|1|0|0|0|0
MUTANT 44|1180ms|1|1|1|1|1|1|1|1|1|1|1
MUTANT 45|1197ms|1|1|1|1|1|1|1|1|1|1|1
MUTANT 47|1138ms|1|1|0|1|1|1|1|1|1|0|0
MUTANT 48|1128ms|1|1|0|1|1|1|1|1|1|0|1
MUTANT 46|1358ms|1|1|1|1|1|1|1|1|1|1|1
MUTANT 49|1208ms|1|1|0|1|1|1|1|1|1|0|1
MUTANT 50|1172ms|1|1|0|1|1|1|1|1|1|0|0
MUTANT 52|1157ms|1|1|0|1|1|1|1|1|1|0|1
MUTANT 51|1284ms|-2|-2|-2|-2|-2|-2|-2|-2|-2|-2|-2
MUTANT 53|1252ms|1|1|0|1|1|1|1|1|1|0|1
MUTANT 54|1152ms|-2|-2|-2|-2|-2|-2|-2|-2|-2|-2|-2
MUTANT 55|1209ms|1|1|0|1|1|1|1|1|1|0|1
MUTANT 56|1176ms|1|1|0|1|1|1|1|1|1|0|0
MUTANT 57|1225ms|1|1|0|1|1|0|1|0|0|0|0
MUTANT 58|1178ms|1|1|0|1|1|1|1|0|0|0|0
MUTANT 59|1126ms|1|1|0|1|1|1|1|0|0|0|0
MUTANT 60|1157ms|1|1|0|1|1|0|1|0|0|0|0
MUTANT 61|1209ms|1|1|0|1|1|1|1|1|1|0|1
MUTANT 63|1113ms|-2|-2|-2|-2|-2|-2|-2|-2|-2|-2|-2
MUTANT 62|1210ms|1|1|0|1|1|1|1|1|1|0|1
MUTANT 64|1236ms|-2|-2|-2|-2|-2|-2|-2|-2|-2|-2|-2
MUTANT 65|1168ms|-2|-2|-2|-2|-2|-2|-2|-2|-2|-2|-2
MUTANT 66|1159ms|-2|-2|-2|-2|-2|-2|-2|-2|-2|-2|-2
MUTANT 67|1186ms|1|1|0|1|1|0|1|0|0|0|0
MUTANT 68|1201ms|1|1|0|1|1|0|1|0|0|0|0
MUTANT 69|1245ms|-2|-2|-2|-2|-2|-2|-2|-2|-2|-2|-2
MUTANT 70|1183ms|1|1|0|1|1|1|1|0|0|0|0
MUTANT 71|1440ms|1|1|0|1|1|1|1|0|0|0|0
MUTANT 72|1342ms|1|1|0|1|1|1|1|0|0|0|1
MUTANT 73|1225ms|1|1|0|1|1|1|1|0|0|0|1
MUTANT 74|1259ms|1|1|0|1|1|1|1|0|0|0|1
MUTANT 75|1164ms|1|1|0|1|1|1|1|0|0|0|1
MUTANT 76|1131ms|1|1|0|1|1|1|1|0|0|0|1
MUTANT 77|946ms|1|1|0|1|1|1|1|1|1|0|1
MUTANT 81|1140ms|1|1|1|1|1|1|1|1|1|1|1
MUTANT 79|1160ms|1|1|1|1|1|1|1|1|1|1|1
MUTANT 78|1180ms|1|1|1|1|1|1|1|1|1|1|1
MUTANT 80|1214ms|1|1|1|1|1|1|1|1|1|1|1
MUTANT 83|1348ms|1|1|1|1|1|1|1|1|1|1|1
MUTANT 84|1350ms|1|1|1|1|1|1|1|1|1|1|1
MUTANT 85|1364ms|1|1|1|1|1|1|1|1|1|1|1
MUTANT 82|1442ms|1|1|1|1|1|1|1|1|1|1|1
MUTANT 87|1182ms|1|1|1|1|1|1|1|1|1|1|1
MUTANT 86|1258ms|1|1|1|1|1|1|1|1|1|1|1
MUTANT 89|1224ms|1|1|1|1|1|1|1|1|1|1|1
MUTANT 88|1295ms|1|1|1|1|1|1|1|1|1|1|1
MUTANT 90|1350ms|1|1|1|1|1|1|1|1|1|1|1
MUTANT 92|1271ms|1|1|1|1|1|1|1|1|1|1|1
MUTANT 91|1401ms|1|1|1|1|1|1|1|1|1|1|1
MUTANT 93|1433ms|1|1|1|1|1|1|1|1|1|1|1
MUTANT 94|1300ms|1|1|1|1|1|1|1|1|1|1|1
MUTANT 95|1298ms|1|1|1|1|1|1|1|1|1|1|1
MUTANT 96|1347ms|1|1|1|1|1|1|1|1|1|1|1
MUTANT 97|1407ms|1|1|1|1|1|1|1|1|1|1|1
MUTANT 99|1455ms|1|1|1|1|1|1|1|1|1|1|1
MUTANT 98|1482ms|1|1|1|1|1|1|1|1|1|1|1
MUTANT 100|1558ms|1|1|1|1|1|1|1|1|1|1|1
MUTANT 101|1566ms|1|1|1|1|1|1|1|1|1|1|1
MUTANT 103|1297ms|1|1|1|1|1|1|1|1|1|1|1
MUTANT 102|1346ms|1|1|1|1|1|1|1|1|1|1|1
MUTANT 104|1392ms|1|1|1|1|1|1|1|1|1|1|1
MUTANT 105|1353ms|1|1|1|1|1|1|1|1|1|1|1
MUTANT 106|1334ms|1|1|1|1|1|1|1|1|1|1|1
MUTANT 107|1328ms|1|1|1|1|1|1|1|1|1|1|1
MUTANT 108|1322ms|1|1|1|1|1|1|1|1|1|1|1
MUTANT 109|1345ms|1|1|1|1|1|1|1|1|1|1|1
MUTANT 110|1352ms|1|1|1|1|1|1|1|1|1|1|1
MUTANT 111|1329ms|1|1|1|1|1|1|1|1|1|1|1
MUTANT 112|1389ms|1|1|1|1|1|1|1|1|1|1|1
MUTANT 113|1343ms|1|1|1|1|1|1|1|1|1|1|1
MUTANT 115|1563ms|1|1|1|1|1|1|1|1|1|1|1
MUTANT 114|1623ms|1|1|1|1|1|1|1|1|1|1|1
MUTANT 116|1525ms|1|1|1|1|1|1|1|1|1|1|1
MUTANT 117|1595ms|1|1|1|1|1|1|1|1|1|1|1
MUTANT 118|1365ms|1|1|1|1|1|1|1|1|1|1|1
MUTANT 119|1326ms|1|1|1|1|1|1|1|1|1|1|1
MUTANT 120|1342ms|1|1|1|1|1|1|1|1|1|1|1
MUTANT 121|1379ms|1|1|1|1|1|1|1|1|1|1|1
MUTANT 123|1290ms|1|1|1|1|1|1|1|1|1|1|1
MUTANT 122|1345ms|1|1|1|1|1|1|1|1|1|1|1
MUTANT 124|1301ms|1|1|1|1|1|1|1|1|1|1|1
MUTANT 125|1317ms|1|1|1|1|1|1|1|1|1|1|1
MUTANT 126|1310ms|1|1|1|1|1|1|1|1|1|1|1
MUTANT 127|1453ms|1|1|1|1|1|1|1|1|1|1|1
MUTANT 129|1330ms|1|1|1|1|1|1|1|1|1|1|1
MUTANT 128|1620ms|1|1|1|1|1|1|1|1|1|1|1
MUTANT 131|1423ms|1|1|1|1|1|1|1|1|1|1|1
MUTANT 130|1724ms|1|1|1|1|1|1|1|1|1|1|1
MUTANT 132|1471ms|1|1|1|1|1|1|1|1|1|1|1
MUTANT 133|1474ms|1|1|1|1|1|1|1|1|1|1|1
MUTANT 134|1325ms|1|1|1|1|1|1|1|1|1|1|1
MUTANT 135|1311ms|1|1|1|1|1|1|1|1|1|1|1
MUTANT 137|1233ms|1|1|1|1|1|1|1|1|1|1|1
MUTANT 136|1285ms|1|1|1|1|1|1|1|1|1|1|1
MUTANT 138|939ms|1|1|1|1|1|1|1|1|1|1|1
MUTANT 141|1231ms|1|1|1|1|1|1|1|1|1|1|1
MUTANT 140|1245ms|1|1|1|1|1|1|1|1|1|1|1
MUTANT 142|1290ms|1|1|1|1|1|1|1|1|1|1|1
MUTANT 139|1423ms|1|1|1|1|1|1|1|1|1|1|1
MUTANT 145|1271ms|-2|-2|-2|-2|-2|-2|-2|-2|-2|-2|-2
MUTANT 144|1337ms|-2|-2|-2|-2|-2|-2|-2|-2|-2|-2|-2
MUTANT 143|1379ms|-2|-2|-2|-2|-2|-2|-2|-2|-2|-2|-2
MUTANT 146|1316ms|-2|-2|-2|-2|-2|-2|-2|-2|-2|-2|-2
MUTANT 147|841ms|-2|-2|-2|-2|-2|-2|-2|-2|-2|-2|-2
MUTANT 150|1209ms|1|1|1|1|1|1|1|1|1|1|1
MUTANT 148|1242ms|1|0|1|1|1|1|1|1|1|1|1
MUTANT 149|1269ms|1|1|1|1|1|1|1|1|1|1|1
MUTANT 151|1304ms|1|0|0|1|1|1|1|1|1|1|1
MUTANT 152|1247ms|1|1|1|1|1|1|1|1|1|1|1
MUTANT 153|1266ms|1|1|1|1|1|1|1|1|1|1|1
MUTANT 154|1243ms|1|0|0|1|1|1|1|1|1|1|1
MUTANT 158|1322ms|1|0|0|1|1|1|1|1|1|1|1
MUTANT 162|1391ms|1|1|1|1|1|1|1|1|1|1|1
MUTANT 163|1296ms|1|0|0|1|1|1|1|1|1|1|1
MUTANT 165|1522ms|1|0|0|1|1|1|1|1|1|1|1
MUTANT 164|1907ms|1|0|0|1|1|1|1|1|1|1|1
MUTANT 166|1506ms|1|0|0|1|1|1|1|1|1|1|1
MUTANT 167|1349ms|1|1|1|1|1|1|1|1|1|1|1
MUTANT 168|1384ms|1|1|1|1|1|1|1|1|1|1|1
MUTANT 169|1326ms|1|0|0|1|1|1|1|1|1|1|1
MUTANT 170|1391ms|1|0|0|1|1|1|1|1|1|1|1
MUTANT 171|1385ms|1|0|0|1|1|1|1|1|1|1|1
MUTANT 172|1380ms|1|0|0|1|1|1|1|1|1|1|1
MUTANT 173|1536ms|1|0|0|1|1|1|1|1|1|1|1
MUTANT 174|1563ms|1|0|0|1|1|1|1|1|1|1|1
MUTANT 176|1491ms|1|0|0|1|1|1|1|1|1|1|1
MUTANT 175|1552ms|1|0|0|1|1|1|1|1|1|1|1
MUTANT 177|1543ms|1|0|1|1|1|1|1|1|1|1|1
MUTANT 178|1557ms|1|0|0|1|1|1|1|1|1|1|1
MUTANT 179|1491ms|1|0|0|1|1|1|1|1|1|1|1
MUTANT 180|1593ms|1|1|1|1|1|1|1|1|1|1|1
MUTANT 181|1630ms|1|1|1|1|1|1|1|1|1|1|1
MUTANT 183|1493ms|1|0|0|1|1|1|1|1|1|1|1
MUTANT 182|1546ms|1|0|0|1|1|1|1|1|1|1|1
MUTANT 184|1561ms|1|0|0|1|1|1|1|1|1|1|1
MUTANT 185|1412ms|1|0|1|1|1|1|1|1|1|1|1
MUTANT 186|1413ms|1|0|0|1|1|1|1|1|1|1|1
MUTANT 187|1454ms|1|0|0|1|1|1|1|1|1|1|1
MUTANT 188|1429ms|1|0|0|1|1|1|1|1|1|1|1
MUTANT 189|1430ms|1|0|0|1|1|1|1|1|1|1|1
MUTANT 191|1342ms|1|0|0|1|1|1|1|1|1|1|1
MUTANT 190|1419ms|1|0|1|1|1|1|1|1|1|1|1
MUTANT 192|1418ms|1|0|0|1|1|1|1|1|1|1|1
MUTANT 193|1491ms|1|0|0|1|1|1|1|1|1|1|1
MUTANT 195|1495ms|1|0|1|1|1|1|1|1|1|1|1
MUTANT 194|1639ms|1|0|0|1|1|1|1|1|1|1|1
MUTANT 196|1711ms|1|0|0|1|1|1|1|1|1|1|1
MUTANT 197|1393ms|1|0|0|1|1|1|1|1|1|1|1
MUTANT 199|1312ms|1|0|1|1|1|1|1|1|1|1|1
MUTANT 198|1469ms|1|0|0|1|1|1|1|1|1|1|1
MUTANT 200|1360ms|1|0|0|1|1|1|1|1|1|1|1
MUTANT 201|1391ms|1|0|0|1|1|1|1|1|1|1|1
MUTANT 202|1340ms|1|0|0|1|1|1|1|1|1|1|1
MUTANT 203|1334ms|1|1|1|1|1|1|1|1|1|1|1
MUTANT 204|1358ms|1|1|1|1|1|1|1|1|1|1|1
MUTANT 205|1368ms|1|0|0|1|1|1|1|1|1|1|1
MUTANT 206|1328ms|1|0|0|1|1|1|1|1|1|1|1
MUTANT 207|1332ms|1|0|0|1|1|1|1|1|1|1|1
MUTANT 208|1338ms|1|0|0|1|1|1|1|1|1|1|1
MUTANT 209|1408ms|1|0|0|1|1|1|1|1|1|1|1
MUTANT 210|1414ms|1|0|0|1|1|1|1|1|1|1|1
MUTANT 211|1401ms|1|0|0|1|1|1|1|1|1|1|1
MUTANT 212|1349ms|1|0|0|1|1|1|1|1|1|1|1
MUTANT 213|1309ms|1|0|0|1|1|1|1|1|1|1|1
MUTANT 215|1304ms|1|0|0|1|1|1|1|1|1|1|1
MUTANT 214|1350ms|1|0|0|1|1|1|1|1|1|1|1
MUTANT 216|1353ms|1|0|0|1|1|1|1|1|1|1|1
MUTANT 217|1381ms|1|0|0|1|1|1|1|1|1|1|1
MUTANT 218|1397ms|1|0|0|1|1|1|1|1|1|1|1
MUTANT 219|1400ms|1|0|0|1|1|1|1|1|1|1|1
MUTANT 220|1363ms|1|0|0|1|1|1|1|1|1|1|1
MUTANT 221|1432ms|1|0|0|1|1|1|1|1|1|1|1
MUTANT 222|1359ms|1|0|0|1|1|1|1|1|1|1|1
MUTANT 223|1374ms|1|0|0|1|1|1|1|1|1|1|1
MUTANT 224|1352ms|1|0|0|1|1|1|1|1|1|1|1
MUTANT 225|1373ms|1|0|0|1|1|1|1|1|1|1|1
MUTANT 227|1315ms|1|0|1|1|1|1|1|1|1|1|1
MUTANT 226|1373ms|1|0|0|1|1|1|1|1|1|1|1
MUTANT 228|1390ms|1|0|0|1|1|1|1|1|1|1|1
MUTANT 231|1276ms|1|0|0|1|1|1|1|1|1|1|1
MUTANT 229|1381ms|1|0|0|1|1|1|1|1|1|1|1
MUTANT 230|1347ms|1|0|0|1|1|1|1|1|1|1|1
MUTANT 232|1359ms|1|0|0|1|1|1|1|1|1|1|1
MUTANT 233|1358ms|1|0|0|1|1|1|1|1|1|1|1
MUTANT 234|1401ms|1|0|0|1|1|1|1|1|1|1|1
MUTANT 235|1435ms|1|0|0|1|1|1|1|1|1|1|1
MUTANT 236|1355ms|1|0|0|1|1|1|1|1|1|1|1
MUTANT 237|1350ms|1|0|0|1|1|1|1|1|1|1|1
MUTANT 238|1308ms|1|0|0|1|1|1|1|1|1|1|1
MUTANT 239|1325ms|1|0|0|1|1|1|1|1|1|1|1
MUTANT 240|1359ms|1|0|0|1|1|1|1|1|1|1|1
MUTANT 241|1299ms|1|0|0|1|1|1|1|1|1|1|1
MUTANT 242|1302ms|1|0|0|1|1|1|1|1|1|1|1
MUTANT 243|1370ms|1|0|0|1|1|1|1|1|1|1|1
MUTANT 244|1394ms|1|0|0|1|1|1|1|1|1|1|1
MUTANT 245|1332ms|1|0|0|1|1|1|1|1|1|1|1
MUTANT 246|1333ms|1|0|0|1|1|1|1|1|1|1|1
MUTANT 247|1375ms|1|0|0|1|1|1|1|1|1|1|1
MUTANT 248|1375ms|1|0|0|1|1|1|1|1|1|1|1
MUTANT 249|1360ms|1|0|0|1|1|1|1|1|1|1|1
MUTANT 250|1378ms|1|0|0|1|1|1|1|1|1|1|1
MUTANT 251|1386ms|1|0|0|1|1|1|1|1|1|1|1
MUTANT 252|1359ms|1|0|0|1|1|1|1|1|1|1|1
MUTANT 253|1347ms|1|0|0|1|1|1|1|1|1|1|1
MUTANT 254|1365ms|1|0|0|1|1|1|1|1|1|1|1
MUTANT 255|1405ms|1|0|0|1|1|1|1|1|1|1|1
MUTANT 256|1374ms|1|0|1|1|1|1|1|1|1|1|1
MUTANT 257|1338ms|1|0|1|1|1|1|1|1|1|1|1
MUTANT 258|1338ms|1|0|1|1|1|1|1|1|1|1|1
MUTANT 259|1424ms|1|0|1|1|1|1|1|1|1|1|1
MUTANT 260|1369ms|1|0|1|1|1|1|1|1|1|1|1
MUTANT 261|1366ms|1|0|1|1|1|1|1|1|1|1|1
MUTANT 262|1326ms|1|0|1|1|1|1|1|1|1|1|1
MUTANT 263|1417ms|1|0|0|1|1|1|1|1|1|1|1
MUTANT 265|1312ms|1|0|0|1|1|1|1|1|1|1|1
MUTANT 266|1312ms|1|0|0|1|1|1|1|1|1|1|1
MUTANT 267|1306ms|1|0|0|1|1|1|1|1|1|1|1
MUTANT 269|1226ms|1|0|0|1|1|1|1|1|1|1|1
MUTANT 268|1256ms|1|0|0|1|1|1|1|1|1|1|1
MUTANT 270|1337ms|1|0|0|1|1|1|1|1|1|1|1
MUTANT 272|1470ms|1|0|0|1|1|1|1|1|1|1|1
MUTANT 271|1572ms|1|0|0|1|1|1|1|1|1|1|1
MUTANT 273|1408ms|1|0|0|1|1|1|1|1|1|1|1
MUTANT 274|1508ms|1|0|0|1|1|1|1|1|1|1|1
MUTANT 275|1444ms|1|0|0|1|1|1|1|1|1|1|1
MUTANT 276|1427ms|1|0|0|1|1|1|1|1|1|1|1
MUTANT 277|1478ms|1|0|0|1|1|1|1|1|1|1|1
MUTANT 278|1328ms|1|0|0|1|1|1|1|1|1|1|1
MUTANT 279|1359ms|1|0|0|1|1|1|1|1|1|1|1
MUTANT 280|1371ms|1|0|0|1|1|1|1|1|1|1|1
MUTANT 281|1488ms|1|0|0|1|1|1|1|1|1|1|1
MUTANT 282|1400ms|1|0|0|1|1|1|1|1|1|1|1
MUTANT 283|1504ms|1|0|0|1|1|1|1|1|1|1|1
MUTANT 284|1435ms|1|0|0|1|1|1|1|1|1|1|1
MUTANT 285|1424ms|1|1|1|1|1|1|1|1|1|1|1
MUTANT 286|1410ms|1|0|0|1|1|1|1|1|1|1|1
MUTANT 288|1395ms|1|0|0|1|1|1|1|1|1|1|1
MUTANT 287|1520ms|1|0|0|1|1|1|1|1|1|1|1
MUTANT 289|1366ms|1|0|0|1|1|1|1|1|1|1|1
MUTANT 290|1380ms|1|0|0|1|1|1|1|1|1|1|1
MUTANT 291|1367ms|1|0|0|1|1|1|1|1|1|1|1
MUTANT 292|1366ms|1|0|0|1|1|1|1|1|1|1|1
MUTANT 293|1321ms|1|0|0|1|1|1|1|1|1|1|1
MUTANT 294|1382ms|1|0|0|1|1|1|1|1|1|1|1
MUTANT 295|1393ms|1|0|0|1|1|1|1|1|1|1|1
MUTANT 296|1364ms|1|0|0|1|1|1|1|1|1|1|1
MUTANT 297|1385ms|1|0|0|1|1|1|1|1|1|1|1
MUTANT 298|1311ms|1|0|0|1|1|1|1|1|1|1|1
MUTANT 299|1367ms|1|0|0|1|1|1|1|1|1|1|1
MUTANT 300|1344ms|1|0|0|1|1|1|1|1|1|1|1
MUTANT 301|1351ms|1|0|0|1|1|1|1|1|1|1|1
MUTANT 302|1423ms|1|0|0|1|1|1|1|1|1|1|1
MUTANT 304|1316ms|1|0|0|1|1|1|1|1|1|1|1
MUTANT 303|1401ms|1|0|0|1|1|1|1|1|1|1|1
MUTANT 305|1371ms|1|0|0|1|1|1|1|1|1|1|1
MUTANT 306|1433ms|1|0|0|1|1|1|1|1|1|1|1
MUTANT 307|1307ms|1|0|0|1|1|1|1|1|1|1|1
MUTANT 308|1320ms|1|0|0|1|1|1|1|1|1|1|1
MUTANT 309|1349ms|1|0|0|1|1|1|1|1|1|1|1
MUTANT 310|1508ms|1|0|0|1|1|1|1|1|1|1|1
MUTANT 311|1490ms|1|0|0|1|1|1|1|1|1|1|1
MUTANT 312|1491ms|1|0|0|1|1|1|1|1|1|1|1
MUTANT 313|1537ms|1|0|0|1|1|1|1|1|1|1|1
MUTANT 314|1408ms|1|0|0|1|1|1|1|1|1|1|1
MUTANT 315|1385ms|1|0|0|1|1|1|1|1|1|1|1
MUTANT 316|1372ms|1|0|0|1|1|1|1|1|1|1|1
MUTANT 317|1432ms|1|0|0|1|1|1|1|1|1|1|1
MUTANT 318|1456ms|1|0|0|1|1|1|1|1|1|1|1
MUTANT 319|1397ms|1|0|0|1|1|1|1|1|1|1|1
MUTANT 320|1411ms|1|0|0|1|1|1|1|1|1|1|1
MUTANT 321|1375ms|1|0|0|1|1|1|1|1|1|1|1
MUTANT 322|1501ms|1|0|0|1|1|1|1|1|1|1|1
MUTANT 323|1425ms|1|0|0|1|1|1|1|1|1|1|1
MUTANT 324|1449ms|1|0|0|1|1|1|1|1|1|1|1
MUTANT 325|1390ms|1|1|1|1|1|1|1|1|1|1|1
MUTANT 326|1449ms|1|0|1|1|1|1|1|1|1|1|1
MUTANT 327|1392ms|1|0|1|1|1|1|1|1|1|1|1
MUTANT 328|1515ms|1|0|0|1|1|1|1|1|1|1|1
MUTANT 329|1371ms|1|0|0|1|1|1|1|1|1|1|1
MUTANT 331|1350ms|1|0|0|1|1|1|1|1|1|1|1
MUTANT 330|1457ms|1|0|0|1|1|1|1|1|1|1|1
MUTANT 332|1448ms|1|0|0|1|1|1|1|1|1|1|1
MUTANT 333|1447ms|1|0|1|1|1|1|1|1|1|1|1
MUTANT 335|1370ms|1|0|1|1|1|1|1|1|1|1|1
MUTANT 334|1422ms|1|0|1|1|1|1|1|1|1|1|1
MUTANT 336|1409ms|1|1|1|1|1|1|1|1|1|1|1
MUTANT 337|1425ms|1|1|1|1|1|1|1|1|1|1|1
MUTANT 338|1434ms|1|1|1|1|1|1|1|1|1|1|1
MUTANT 339|1678ms|1|0|0|1|1|1|1|1|1|1|1
MUTANT 340|1442ms|1|0|0|1|1|1|1|1|1|1|1
MUTANT 341|1416ms|1|1|1|1|1|1|1|1|1|1|1
MUTANT 342|1469ms|1|1|1|1|1|1|1|1|1|1|1
MUTANT 344|1357ms|1|1|1|1|1|1|1|1|1|1|1
MUTANT 343|1452ms|1|0|1|1|1|1|1|1|1|1|1
MUTANT 345|1352ms|1|0|0|1|1|1|1|1|1|1|1
MUTANT 346|1500ms|1|0|0|1|1|1|1|1|1|1|1
MUTANT 347|1393ms|1|1|1|1|1|1|1|1|1|1|1
MUTANT 348|1426ms|1|1|1|1|1|1|1|1|1|1|1
MUTANT 349|1452ms|1|1|1|1|1|1|1|1|1|1|1
MUTANT 350|1446ms|1|1|1|1|1|1|1|1|1|1|1
MUTANT 351|1360ms|1|1|1|1|1|1|1|1|1|1|1
MUTANT 352|1449ms|1|0|0|1|1|1|1|1|1|1|1
MUTANT 353|1413ms|1|0|0|1|1|1|1|1|1|1|1
MUTANT 354|1419ms|1|0|0|1|1|1|1|1|1|1|1
MUTANT 355|1422ms|1|0|1|1|1|1|1|1|1|1|1
MUTANT 356|1444ms|1|1|1|1|1|1|1|1|1|1|1
MUTANT 357|1729ms|1|1|1|1|1|1|1|1|1|1|1
MUTANT 359|1409ms|1|0|1|1|1|1|1|1|1|1|1
MUTANT 358|1467ms|1|0|1|1|1|1|1|1|1|1|1
MUTANT 360|1451ms|1|0|1|1|1|1|1|1|1|1|1
MUTANT 361|1456ms|1|0|1|1|1|1|1|1|1|1|1
MUTANT 362|1387ms|1|0|0|1|1|1|1|1|1|1|1
MUTANT 363|1473ms|1|0|0|1|1|1|1|1|1|1|1
MUTANT 364|1415ms|1|0|0|1|1|1|1|1|1|1|1
MUTANT 365|1502ms|1|0|0|1|1|1|1|1|1|1|1
MUTANT 366|1443ms|1|0|0|1|1|1|1|1|1|1|1
MUTANT 367|1457ms|1|0|0|1|1|1|1|1|1|1|1
MUTANT 368|1453ms|1|0|0|1|1|1|1|1|1|1|1
MUTANT 369|1363ms|1|0|0|1|1|1|1|1|1|1|1
MUTANT 370|1385ms|1|0|1|1|1|1|1|1|1|1|1
MUTANT 371|1390ms|1|0|1|1|1|1|1|1|1|1|1
MUTANT 372|1420ms|1|0|1|1|1|1|1|1|1|1|1
MUTANT 373|1370ms|1|0|1|1|1|1|1|1|1|1|1
MUTANT 374|1413ms|1|0|0|1|1|1|1|1|1|1|1
MUTANT 375|1482ms|1|0|0|1|1|1|1|1|1|1|1
MUTANT 376|1483ms|1|0|0|1|1|1|1|1|1|1|1
MUTANT 377|1461ms|1|0|0|1|1|1|1|1|1|1|1
MUTANT 378|1486ms|1|0|0|1|1|1|1|1|1|1|1
MUTANT 379|1396ms|1|0|0|1|1|1|1|1|1|1|1
MUTANT 380|1444ms|1|0|0|1|1|1|1|1|1|1|1
MUTANT 381|1420ms|1|0|0|1|1|1|1|1|1|1|1
MUTANT 382|1356ms|1|0|0|1|1|1|1|1|1|1|1
MUTANT 383|1451ms|1|0|0|1|1|1|1|1|1|1|1
MUTANT 384|1358ms|1|0|0|1|1|1|1|1|1|1|1
MUTANT 385|1390ms|1|0|1|1|1|1|1|1|1|1|1
MUTANT 386|1482ms|1|0|1|1|1|1|1|1|1|1|1
MUTANT 387|1399ms|1|0|1|1|1|1|1|1|1|1|1
MUTANT 388|1414ms|1|0|1|1|1|1|1|1|1|1|1
MUTANT 389|1444ms|1|0|0|1|1|1|1|1|1|1|1
MUTANT 390|1382ms|1|0|0|1|1|1|1|1|1|1|1
MUTANT 391|1391ms|1|0|0|1|1|1|1|1|1|1|1
MUTANT 392|1480ms|1|0|0|1|1|1|1|1|1|1|1
MUTANT 393|1404ms|1|0|0|1|1|1|1|1|1|1|1
MUTANT 394|1426ms|1|0|0|1|1|1|1|1|1|1|1
MUTANT 395|1519ms|1|0|0|1|1|1|1|1|1|1|1
MUTANT 396|1433ms|1|0|0|1|1|1|1|1|1|1|1
MUTANT 397|1439ms|1|0|0|1|1|1|1|1|1|1|1
MUTANT 398|1447ms|1|0|0|1|1|1|1|1|1|1|1
MUTANT 399|1392ms|1|0|0|1|1|1|1|1|1|1|1
MUTANT 400|1348ms|1|0|0|1|1|1|1|1|1|1|1
MUTANT 401|1464ms|1|0|1|1|1|1|1|1|1|1|1
MUTANT 402|1487ms|1|0|1|1|1|1|1|1|1|1|1
MUTANT 404|1358ms|1|0|1|1|1|1|1|1|1|1|1
MUTANT 403|1463ms|1|0|1|1|1|1|1|1|1|1|1
MUTANT 405|1397ms|1|0|0|1|1|1|1|1|1|1|1
MUTANT 407|1308ms|1|0|0|1|1|1|1|1|1|1|1
MUTANT 406|1411ms|1|0|0|1|1|1|1|1|1|1|1
MUTANT 408|1425ms|1|0|0|1|1|1|1|1|1|1|1
MUTANT 409|1462ms|1|0|0|1|1|1|1|1|1|1|1
MUTANT 410|1395ms|1|0|0|1|1|1|1|1|1|1|1
MUTANT 411|1394ms|1|0|0|1|1|1|1|1|1|1|1
MUTANT 412|1406ms|1|0|0|1|1|1|1|1|1|1|1
MUTANT 413|1354ms|1|0|0|1|1|1|1|1|1|1|1
MUTANT 414|1378ms|1|0|0|1|1|1|1|1|1|1|1
MUTANT 415|1437ms|1|0|0|1|1|1|1|1|1|1|1
MUTANT 416|1396ms|1|0|0|1|1|1|1|1|1|1|1
MUTANT 417|1404ms|1|1|1|1|1|1|1|1|1|1|1
MUTANT 418|1393ms|1|1|1|1|1|1|1|1|1|1|1
MUTANT 419|1352ms|1|1|1|1|1|1|1|1|1|1|1
MUTANT 420|1496ms|1|1|1|1|1|1|1|1|1|1|1
MUTANT 421|1419ms|1|0|1|1|1|1|1|1|1|1|1
MUTANT 423|1436ms|1|1|1|1|1|1|1|1|1|1|1
MUTANT 422|1546ms|1|0|0|1|1|1|1|1|1|1|1
MUTANT 424|1426ms|1|1|1|1|1|1|1|1|1|1|1
MUTANT 425|1341ms|1|1|1|1|1|1|1|1|1|1|1
MUTANT 426|1351ms|1|1|1|1|1|1|1|1|1|1|1
MUTANT 427|1380ms|1|0|0|1|1|1|1|1|1|1|1
MUTANT 428|1401ms|1|0|0|1|1|1|1|1|1|1|1
MUTANT 429|1442ms|1|1|1|1|1|1|1|1|1|1|1
MUTANT 430|1419ms|1|1|1|1|1|1|1|1|1|1|1
MUTANT 431|1473ms|1|0|0|1|1|1|1|1|1|1|1
MUTANT 432|1393ms|1|1|1|1|1|1|1|1|1|1|1
MUTANT 433|1383ms|1|1|1|1|1|1|1|1|1|1|1
MUTANT 434|1428ms|1|1|1|1|1|1|1|1|1|1|1
MUTANT 435|1425ms|1|0|0|1|1|1|1|1|1|1|1
MUTANT 436|1444ms|1|0|0|1|1|1|1|1|1|1|1
MUTANT 437|1463ms|1|0|0|1|1|1|1|1|1|1|1
MUTANT 438|1523ms|1|0|0|1|1|1|1|1|1|1|1
MUTANT 439|1434ms|1|1|1|1|1|1|1|1|1|1|1
MUTANT 440|1376ms|1|1|1|1|1|1|1|1|1|1|1
MUTANT 441|1436ms|1|1|1|1|1|1|1|1|1|1|1
MUTANT 442|1378ms|1|0|0|1|1|1|1|1|1|1|1
MUTANT 443|1415ms|1|0|0|1|1|1|1|1|1|1|1
MUTANT 444|1432ms|1|0|0|1|1|1|1|1|1|1|1
MUTANT 445|1464ms|1|0|0|1|1|1|1|1|1|1|1
MUTANT 446|1430ms|1|1|1|1|1|1|1|1|1|1|1
MUTANT 447|1444ms|1|1|1|1|1|1|1|1|1|1|1
MUTANT 448|1398ms|1|0|0|1|1|1|1|1|1|1|1
MUTANT 449|1599ms|1|0|0|1|1|1|1|1|1|1|1
MUTANT 451|1347ms|1|0|0|1|1|1|1|1|1|1|1
MUTANT 450|1478ms|1|0|0|1|1|1|1|1|1|1|1
MUTANT 452|1372ms|1|0|0|1|1|1|1|1|1|1|1
MUTANT 453|1415ms|1|0|0|1|1|1|1|1|1|1|1
MUTANT 455|1323ms|1|0|0|1|1|1|1|1|1|1|1
MUTANT 454|1374ms|1|0|0|1|1|1|1|1|1|1|1
MUTANT 456|1388ms|1|0|0|1|1|1|1|1|1|1|1
MUTANT 457|1369ms|1|0|0|1|1|1|1|1|1|1|1
MUTANT 458|1381ms|1|0|0|1|1|1|1|1|1|1|1
MUTANT 459|1384ms|1|0|0|1|1|1|1|1|1|1|1
MUTANT 460|1365ms|1|0|0|1|1|1|1|1|1|1|1
MUTANT 461|1466ms|1|0|0|1|1|1|1|1|1|1|1
MUTANT 464|1256ms|1|1|1|1|1|1|1|1|1|1|1
MUTANT 462|1357ms|1|0|0|1|1|1|1|1|1|1|1
MUTANT 463|1418ms|1|0|0|1|1|1|1|1|1|1|1
MUTANT 465|1461ms|1|0|0|1|1|1|1|1|1|1|1
MUTANT 467|1350ms|1|0|0|1|1|1|1|1|1|1|1
MUTANT 466|1421ms|1|0|0|1|1|1|1|1|1|1|1
MUTANT 468|1403ms|1|0|0|1|1|1|1|1|1|1|1
MUTANT 469|1416ms|1|0|0|1|1|1|1|1|1|1|1
MUTANT 471|1361ms|1|1|1|1|1|1|1|1|1|1|1
MUTANT 470|1394ms|1|1|1|1|1|1|1|1|1|1|1
MUTANT 472|1372ms|1|1|1|1|1|1|1|1|1|1|1
MUTANT 473|1507ms|1|1|1|1|1|1|1|1|1|1|1
MUTANT 474|1363ms|1|1|1|1|1|1|1|1|1|1|1
MUTANT 475|1382ms|1|0|0|1|1|1|1|1|1|1|1
MUTANT 476|1405ms|1|0|0|1|1|1|1|1|1|1|1
MUTANT 477|1448ms|1|0|0|1|1|1|1|1|1|1|1
MUTANT 479|1373ms|1|1|1|1|1|1|1|1|1|1|1
MUTANT 478|1453ms|1|0|0|1|1|1|1|1|1|1|1
MUTANT 480|2339ms|1|1|1|1|1|1|1|1|1|1|1
MUTANT 483|1474ms|1|0|0|1|1|1|1|1|1|1|1
MUTANT 481|1566ms|1|0|0|1|1|1|1|1|1|1|1
MUTANT 482|1629ms|1|0|0|1|1|1|1|1|1|1|1
MUTANT 484|1446ms|1|0|0|1|1|1|1|1|1|1|1
MUTANT 485|1334ms|1|0|0|1|1|1|1|1|1|1|1
MUTANT 486|1313ms|1|0|0|1|1|1|1|1|1|1|1
MUTANT 487|1343ms|1|1|1|1|1|1|1|1|1|1|1
MUTANT 488|1663ms|1|1|1|1|1|1|1|1|1|1|1
MUTANT 490|1358ms|1|0|0|1|1|1|1|1|1|1|1
MUTANT 489|1395ms|1|0|0|1|1|1|1|1|1|1|1
MUTANT 491|1440ms|1|0|0|1|1|1|1|1|1|1|1
MUTANT 492|1356ms|1|0|0|1|1|1|1|1|1|1|1
MUTANT 493|1354ms|1|0|0|1|1|1|1|1|1|1|1
MUTANT 494|1340ms|1|0|0|1|1|1|1|1|1|1|1
MUTANT 495|1475ms|1|0|0|1|1|1|1|1|1|1|1
MUTANT 497|1491ms|1|0|0|1|1|1|1|1|1|1|1
MUTANT 498|1496ms|1|0|0|1|1|1|1|1|1|1|1
MUTANT 496|1535ms|1|0|0|1|1|1|1|1|1|1|1
MUTANT 499|1537ms|1|0|0|1|1|1|1|1|1|1|1
MUTANT 501|1366ms|1|0|0|1|1|1|1|1|1|1|1
MUTANT 500|1404ms|1|0|0|1|1|1|1|1|1|1|1
MUTANT 502|1389ms|1|0|0|1|1|1|1|1|1|1|1
MUTANT 503|1431ms|1|0|0|1|1|1|1|1|1|1|1
MUTANT 505|1291ms|1|0|0|1|1|1|1|1|1|1|1
MUTANT 504|1327ms|1|0|0|1|1|1|1|1|1|1|1
MUTANT 506|1394ms|1|0|0|1|1|1|1|1|1|1|1
MUTANT 507|1414ms|1|0|0|1|1|1|1|1|1|1|1
MUTANT 509|1320ms|1|0|0|1|1|1|1|1|1|1|1
MUTANT 508|1365ms|1|0|0|1|1|1|1|1|1|1|1
MUTANT 510|1375ms|1|0|0|1|1|1|1|1|1|1|1
MUTANT 511|1585ms|1|0|0|1|1|1|1|1|1|1|1
MUTANT 512|1592ms|1|0|0|1|1|1|1|1|1|1|1
MUTANT 513|1590ms|1|0|0|1|1|1|1|1|1|1|1
MUTANT 514|1577ms|1|0|0|1|1|1|1|1|1|1|1
MUTANT 515|1499ms|1|0|0|1|1|1|1|1|1|1|1
MUTANT 516|1406ms|1|0|0|1|1|1|1|1|1|1|1
MUTANT 517|1393ms|1|0|0|1|1|1|1|1|1|1|1
MUTANT 518|1418ms|1|0|0|1|1|1|1|1|1|1|1
MUTANT 519|1412ms|1|0|0|1|1|1|1|1|1|1|1
MUTANT 520|1450ms|1|0|0|1|1|1|1|1|1|1|1
MUTANT 521|1478ms|1|0|0|1|1|1|1|1|1|1|1
MUTANT 522|1361ms|1|0|0|1|1|1|1|1|1|1|1
MUTANT 523|1464ms|1|0|0|1|1|1|1|1|1|1|1
MUTANT 525|1344ms|1|0|0|1|1|1|1|1|1|1|1
MUTANT 524|1389ms|1|0|0|1|1|1|1|1|1|1|1
MUTANT 526|1414ms|1|0|0|1|1|1|1|1|1|1|1
MUTANT 527|1593ms|1|0|0|1|1|1|1|1|1|1|1
MUTANT 528|1562ms|1|0|0|1|1|1|1|1|1|1|1
MUTANT 529|1561ms|1|0|0|1|1|1|1|1|1|1|1
MUTANT 530|1560ms|1|0|0|1|1|1|1|1|1|1|1
MUTANT 531|1364ms|1|0|0|1|1|1|1|1|1|1|1
MUTANT 533|1375ms|1|0|0|1|1|1|1|1|1|1|1
MUTANT 532|1461ms|1|0|0|1|1|1|1|1|1|1|1
MUTANT 534|1491ms|1|0|0|1|1|1|1|1|1|1|1
MUTANT 535|1579ms|1|0|0|1|1|1|1|1|1|1|1
MUTANT 536|1396ms|1|0|0|1|1|1|1|1|1|1|1
MUTANT 537|1406ms|1|0|0|1|1|1|1|1|1|1|1
MUTANT 538|1408ms|1|0|0|1|1|1|1|1|1|1|1
MUTANT 539|1429ms|1|0|0|1|1|1|1|1|1|1|1
MUTANT 540|1326ms|1|0|0|1|1|1|1|1|1|1|1
MUTANT 541|1409ms|1|0|0|1|1|1|1|1|1|1|1
MUTANT 542|1507ms|1|0|0|1|1|1|1|1|1|1|1
MUTANT 543|1489ms|1|0|0|1|1|1|1|1|1|1|1
MUTANT 544|1599ms|1|0|0|1|1|1|1|1|1|1|1
MUTANT 545|1575ms|1|0|0|1|1|1|1|1|1|1|1
MUTANT 546|1555ms|1|0|0|1|1|1|1|1|1|1|1
MUTANT 547|1384ms|1|0|0|1|1|1|1|1|1|1|1
MUTANT 548|1397ms|1|0|0|1|1|1|1|1|1|1|1
MUTANT 549|1434ms|1|0|0|1|1|1|1|1|1|1|1
MUTANT 550|1390ms|1|0|0|1|1|1|1|1|1|1|1
MUTANT 551|1383ms|1|0|0|1|1|1|1|1|1|1|1
MUTANT 552|1419ms|1|0|0|1|1|1|1|1|1|1|1
MUTANT 553|1364ms|1|0|0|1|1|1|1|1|1|1|1
MUTANT 554|1414ms|1|0|0|1|1|1|1|1|1|1|1
MUTANT 555|1383ms|1|0|0|1|1|1|1|1|1|1|1
MUTANT 556|1523ms|1|0|0|1|1|1|1|1|1|1|1
MUTANT 557|1455ms|1|0|0|1|1|1|1|1|1|1|1
MUTANT 558|1638ms|1|0|0|1|1|1|1|1|1|1|1
MUTANT 559|1500ms|1|0|0|1|1|1|1|1|1|1|1
MUTANT 560|1523ms|1|0|0|1|1|1|1|1|1|1|1
MUTANT 561|1573ms|1|0|0|1|1|1|1|1|1|1|1
MUTANT 562|1554ms|1|0|0|1|1|1|1|1|1|1|1
MUTANT 563|1466ms|1|0|0|1|1|1|1|1|1|1|1
MUTANT 564|1438ms|1|0|0|1|1|1|1|1|1|1|1
MUTANT 565|1433ms|1|0|0|1|1|1|1|1|1|1|1
MUTANT 566|1372ms|1|0|0|1|1|1|1|1|1|1|1
MUTANT 567|1393ms|1|0|0|1|1|1|1|1|1|1|1
MUTANT 568|1400ms|1|0|0|1|1|1|1|1|1|1|1
MUTANT 569|1419ms|1|0|0|1|1|1|1|1|1|1|1
MUTANT 570|1400ms|1|0|0|1|1|1|1|1|1|1|1
MUTANT 571|1410ms|1|0|0|1|1|1|1|1|1|1|1
MUTANT 572|1590ms|1|0|0|1|1|1|1|1|1|1|1
MUTANT 573|1596ms|1|0|0|1|1|1|1|1|1|1|1
MUTANT 574|1546ms|1|0|0|1|1|1|1|1|1|1|1
MUTANT 575|1544ms|1|0|0|1|1|1|1|1|1|1|1
MUTANT 576|1443ms|1|0|0|1|1|1|1|1|1|1|1
MUTANT 577|1445ms|1|0|0|1|1|1|1|1|1|1|1
MUTANT 578|1402ms|1|0|0|1|1|1|1|1|1|1|1
MUTANT 579|1373ms|1|0|0|1|1|1|1|1|1|1|1
MUTANT 580|1379ms|1|0|0|1|1|1|1|1|1|1|1
MUTANT 581|1417ms|1|0|0|1|1|1|1|1|1|1|1
MUTANT 582|1402ms|1|0|0|1|1|1|1|1|1|1|1
MUTANT 583|1395ms|1|0|0|1|1|1|1|1|1|1|1
MUTANT 584|1417ms|1|0|0|1|1|1|1|1|1|1|1
MUTANT 585|1376ms|1|0|0|1|1|1|1|1|1|1|1
MUTANT 586|1395ms|1|0|0|1|1|1|1|1|1|1|1
MUTANT 587|1386ms|1|0|0|1|1|1|1|1|1|1|1
MUTANT 588|1593ms|1|0|0|1|1|1|1|1|1|1|1
MUTANT 589|1658ms|1|0|0|1|1|1|1|1|1|1|1
MUTANT 590|1588ms|1|0|0|1|1|1|1|1|1|1|1
MUTANT 591|1558ms|1|0|0|1|1|1|1|1|1|1|1
MUTANT 592|1415ms|1|0|0|1|1|1|1|1|1|1|1
MUTANT 593|1416ms|1|0|1|1|1|1|1|1|1|1|1
MUTANT 594|1394ms|1|0|1|1|1|1|1|1|1|1|1
MUTANT 595|1391ms|1|0|1|1|1|1|1|1|1|1|1
MUTANT 596|1376ms|1|0|1|1|1|1|1|1|1|1|1
MUTANT 597|1383ms|1|0|1|1|1|1|1|1|1|1|1
MUTANT 598|1417ms|1|0|1|1|1|1|1|1|1|1|1
MUTANT 599|1409ms|1|0|1|1|1|1|1|1|1|1|1
MUTANT 600|1403ms|1|0|1|1|1|1|1|1|1|1|1
MUTANT 601|1409ms|1|0|1|1|1|1|1|1|1|1|1
MUTANT 602|1416ms|1|0|0|1|1|1|1|1|1|1|1
MUTANT 603|1486ms|1|0|0|1|1|1|1|1|1|1|1
MUTANT 604|1727ms|1|0|0|1|1|1|1|1|1|1|1
MUTANT 605|1683ms|1|0|0|1|1|1|1|1|1|1|1
MUTANT 606|1743ms|1|0|0|1|1|1|1|1|1|1|1
MUTANT 607|1601ms|1|0|0|1|1|1|1|1|1|1|1
MUTANT 608|1386ms|1|0|0|1|1|1|1|1|1|1|1
MUTANT 609|1416ms|1|0|0|1|1|1|1|1|1|1|1
MUTANT 610|1437ms|1|1|0|1|1|1|1|1|1|1|1
MUTANT 611|1389ms|1|0|0|1|1|1|1|1|1|1|1
MUTANT 612|1322ms|1|0|0|1|1|1|1|1|1|1|1
MUTANT 613|1410ms|1|0|0|1|1|1|1|1|1|1|1
MUTANT 614|1364ms|1|0|0|1|1|1|1|1|1|1|1
MUTANT 615|1498ms|1|0|0|1|1|1|1|1|1|1|1
MUTANT 616|1402ms|1|0|0|1|1|1|1|1|1|1|1
MUTANT 618|1357ms|1|0|0|1|1|1|1|1|1|1|1
MUTANT 617|1505ms|1|0|0|1|1|1|1|1|1|1|1
MUTANT 619|1555ms|1|0|0|1|1|1|1|1|1|1|1
MUTANT 620|1593ms|1|0|0|1|1|1|1|1|1|1|1
MUTANT 622|1531ms|1|0|0|1|1|1|1|1|1|1|1
MUTANT 621|1584ms|1|0|1|1|1|1|1|1|1|1|1
MUTANT 623|1746ms|1|0|0|1|1|1|1|1|1|1|1
MUTANT 624|1872ms|1|0|0|1|1|1|1|1|1|1|1
MUTANT 625|1779ms|1|0|0|1|1|1|1|1|1|1|1
MUTANT 626|1859ms|1|0|0|1|1|1|1|1|1|1|1
MUTANT 627|1827ms|1|0|0|1|1|1|1|1|1|1|1
MUTANT 628|1736ms|1|0|0|1|1|1|1|1|1|1|1
MUTANT 629|1607ms|1|0|0|1|1|1|1|1|1|1|1
MUTANT 630|1614ms|1|0|0|1|1|1|1|1|1|1|1
MUTANT 631|1459ms|1|0|0|1|1|1|1|1|1|1|1
MUTANT 632|1674ms|1|0|1|1|1|1|1|1|1|1|1
MUTANT 634|1442ms|1|0|0|1|1|1|1|1|1|1|1
MUTANT 633|1583ms|1|0|0|1|1|1|1|1|1|1|1
MUTANT 635|1537ms|1|0|0|1|1|1|1|1|1|1|1
MUTANT 637|1317ms|1|0|0|1|1|1|1|1|1|1|1
MUTANT 636|1357ms|1|0|0|1|1|1|1|1|1|1|1
MUTANT 638|1366ms|1|0|0|1|1|1|1|1|1|1|1
MUTANT 639|1433ms|1|1|0|1|1|1|1|1|1|1|1
MUTANT 641|1394ms|1|0|0|1|1|1|1|1|1|1|1
MUTANT 640|1482ms|1|0|0|1|1|1|1|1|1|1|1
MUTANT 642|1539ms|1|0|0|1|1|1|1|1|1|1|1
MUTANT 643|1488ms|1|0|0|1|1|1|1|1|1|1|1
MUTANT 644|1386ms|1|0|0|1|1|1|1|1|1|1|1
MUTANT 645|1359ms|1|0|0|1|1|1|1|1|1|1|1
MUTANT 646|1398ms|1|0|0|1|1|1|1|1|1|1|1
MUTANT 647|1433ms|1|0|0|1|1|1|1|1|1|1|1
MUTANT 649|1528ms|1|0|0|1|1|1|1|1|1|1|1
MUTANT 648|1599ms|1|0|0|1|1|1|1|1|1|1|1
MUTANT 650|1613ms|1|0|0|1|1|1|1|1|1|1|1
MUTANT 651|1674ms|1|0|0|1|1|1|1|1|1|1|1
MUTANT 652|1339ms|1|0|0|1|1|1|1|1|1|1|1
MUTANT 653|1318ms|1|0|0|1|1|1|1|1|1|1|1
MUTANT 654|1472ms|1|0|0|1|1|1|1|1|1|1|1
MUTANT 655|1441ms|1|0|0|1|1|1|1|1|1|1|1
MUTANT 656|1371ms|1|0|0|1|1|1|1|1|1|1|1
MUTANT 657|1410ms|1|0|0|1|1|1|1|1|1|1|1
MUTANT 658|1354ms|1|0|0|1|1|1|1|1|1|1|1
MUTANT 659|1368ms|1|0|0|1|1|1|1|1|1|1|1
MUTANT 660|1368ms|1|0|0|1|1|1|1|1|1|1|1
MUTANT 661|1372ms|1|0|0|1|1|1|1|1|1|1|1
MUTANT 662|1458ms|1|0|0|1|1|1|1|1|1|1|1
MUTANT 663|1403ms|1|0|0|1|1|1|1|1|1|1|1
MUTANT 664|1463ms|1|0|0|1|1|1|1|1|1|1|1
MUTANT 665|1477ms|1|0|0|1|1|1|1|1|1|1|1
MUTANT 666|1392ms|1|0|0|1|1|1|1|1|1|1|1
MUTANT 667|1403ms|1|0|0|1|1|1|1|1|1|1|1
MUTANT 668|1348ms|1|0|0|1|1|1|1|1|1|1|1
MUTANT 669|1387ms|1|0|0|1|1|1|1|1|1|1|1
MUTANT 670|1361ms|1|0|0|1|1|1|1|1|1|1|1
MUTANT 671|1364ms|1|0|0|1|1|1|1|1|1|1|1
MUTANT 672|1426ms|1|0|0|1|1|1|1|1|1|1|1
MUTANT 673|1369ms|1|0|0|1|1|1|1|1|1|1|1
MUTANT 674|1395ms|1|0|0|1|1|1|1|1|1|1|1
MUTANT 675|1459ms|1|0|0|1|1|1|1|1|1|1|1
MUTANT 676|1456ms|1|0|0|1|1|1|1|1|1|1|1
MUTANT 677|1439ms|1|0|0|1|1|1|1|1|1|1|1
MUTANT 678|1451ms|1|0|0|1|1|1|1|1|1|1|1
MUTANT 679|1441ms|1|0|1|1|1|1|1|1|1|1|1
MUTANT 681|1376ms|1|0|0|1|1|1|1|1|1|1|1
MUTANT 680|1491ms|1|0|0|1|1|1|1|1|1|1|1
MUTANT 682|1454ms|1|0|0|1|1|1|1|1|1|1|1
MUTANT 683|1435ms|1|0|0|1|1|1|1|1|1|1|1
MUTANT 684|1351ms|1|0|0|1|1|1|1|1|1|1|1
MUTANT 685|1480ms|1|0|0|1|1|1|1|1|1|1|1
MUTANT 686|1377ms|1|0|0|1|1|1|1|1|1|1|1
MUTANT 687|1377ms|1|0|0|1|1|1|1|1|1|1|1
MUTANT 688|1401ms|1|0|0|1|1|1|1|1|1|1|1
MUTANT 689|1358ms|1|0|0|1|1|1|1|1|1|1|1
MUTANT 690|1501ms|1|0|0|1|1|1|1|1|1|1|1
MUTANT 691|1445ms|1|0|0|1|1|1|1|1|1|1|1
MUTANT 692|1460ms|1|0|0|1|1|1|1|1|1|1|1
MUTANT 693|1441ms|1|0|0|1|1|1|1|1|1|1|1
MUTANT 694|1406ms|1|0|0|1|1|1|1|1|1|1|1
MUTANT 695|1611ms|1|0|0|1|1|1|1|1|1|1|1
MUTANT 696|1480ms|1|0|0|1|1|1|1|1|1|1|1
MUTANT 697|1459ms|1|0|0|1|1|1|1|1|1|1|1
MUTANT 698|1429ms|1|0|0|1|1|1|1|1|1|1|1
MUTANT 699|1432ms|1|0|0|1|1|1|1|1|1|1|1
MUTANT 700|1470ms|1|0|0|1|1|1|1|1|1|1|1
MUTANT 701|1453ms|1|0|0|1|1|1|1|1|1|1|1
MUTANT 702|1403ms|1|0|0|1|1|1|1|1|1|1|1
MUTANT 703|1396ms|1|0|0|1|1|1|1|1|1|1|1
MUTANT 704|1418ms|1|0|0|1|1|1|1|1|1|1|1
MUTANT 705|1331ms|1|0|0|1|1|1|1|1|1|1|1
MUTANT 706|1356ms|1|0|0|1|1|1|1|1|1|1|1
MUTANT 707|1441ms|1|0|0|1|1|1|1|1|1|1|1
MUTANT 708|1355ms|1|0|0|1|1|1|1|1|1|1|1
MUTANT 709|1394ms|1|0|0|1|1|1|1|1|1|1|1
MUTANT 710|1408ms|1|0|0|1|1|1|1|1|1|1|1
MUTANT 711|1483ms|1|0|0|1|1|1|1|1|1|1|1
MUTANT 712|1410ms|1|0|0|1|1|1|1|1|1|1|1
MUTANT 713|1437ms|1|0|0|1|1|1|1|1|1|1|1
MUTANT 714|1398ms|1|0|0|1|1|1|1|1|1|1|1
MUTANT 715|1471ms|1|0|1|1|1|1|1|1|1|1|1
MUTANT 716|1453ms|1|0|0|1|1|1|1|1|1|1|1
MUTANT 717|1511ms|1|0|0|1|1|1|1|1|1|1|1
MUTANT 718|1417ms|1|0|0|1|1|1|1|1|1|1|1
MUTANT 719|1449ms|1|0|0|1|1|1|1|1|1|1|1
MUTANT 720|1436ms|1|0|0|1|1|1|1|1|1|1|1
MUTANT 721|1438ms|1|0|0|1|1|1|1|1|1|1|1
MUTANT 722|1398ms|1|0|0|1|1|1|1|1|1|1|1
MUTANT 723|1461ms|1|0|0|1|1|1|1|1|1|1|1
MUTANT 725|1313ms|1|0|0|1|1|1|1|1|1|1|1
MUTANT 724|1455ms|1|0|0|1|1|1|1|1|1|1|1
MUTANT 726|1436ms|1|0|0|1|1|1|1|1|1|1|1
MUTANT 727|1409ms|1|0|0|1|1|1|1|1|1|1|1
MUTANT 729|1408ms|1|0|0|1|1|1|1|1|1|1|1
MUTANT 728|1516ms|1|0|0|1|1|1|1|1|1|1|1
MUTANT 730|1469ms|1|0|0|1|1|1|1|1|1|1|1
MUTANT 731|1386ms|1|0|0|1|1|1|1|1|1|1|1
MUTANT 732|1384ms|1|0|0|1|1|1|1|1|1|1|1
MUTANT 733|1417ms|1|0|0|1|1|1|1|1|1|1|1
MUTANT 734|1399ms|1|0|0|1|1|1|1|1|1|1|1
MUTANT 735|1403ms|1|0|0|1|1|1|1|1|1|1|1
MUTANT 736|1406ms|1|0|0|1|1|1|1|1|1|1|1
MUTANT 737|1449ms|1|0|0|1|1|1|1|1|1|1|1
MUTANT 738|1385ms|1|0|0|1|1|1|1|1|1|1|1
MUTANT 739|1449ms|1|0|0|1|1|1|1|1|1|1|1
MUTANT 740|1442ms|1|0|0|1|1|1|1|1|1|1|1
MUTANT 741|1502ms|1|0|0|1|1|1|1|1|1|1|1
MUTANT 742|1480ms|1|0|0|1|1|1|1|1|1|1|1
MUTANT 743|1513ms|1|0|0|1|1|1|1|1|1|1|1
MUTANT 744|1483ms|1|0|0|1|1|1|1|1|1|1|1
MUTANT 745|1493ms|1|0|0|1|1|1|1|1|1|1|1
MUTANT 746|1719ms|1|0|0|1|1|1|1|1|1|1|1
MUTANT 747|1554ms|1|0|0|1|1|1|1|1|1|1|1
MUTANT 748|1564ms|1|0|0|1|1|1|1|1|1|1|1
MUTANT 749|1559ms|1|0|0|1|1|1|1|1|1|1|1
MUTANT 750|1503ms|1|0|0|1|1|1|1|1|1|1|1
MUTANT 751|1370ms|1|0|0|1|1|1|1|1|1|1|1
MUTANT 752|1344ms|1|0|0|1|1|1|1|1|1|1|1
MUTANT 753|1452ms|1|0|0|1|1|1|1|1|1|1|1
MUTANT 754|1423ms|1|0|0|1|1|1|1|1|1|1|1
MUTANT 755|1401ms|1|0|0|1|1|1|1|1|1|1|1
MUTANT 756|1357ms|1|0|0|1|1|1|1|1|1|1|1
MUTANT 757|1401ms|1|0|0|1|1|1|1|1|1|1|1
MUTANT 758|1370ms|1|0|0|1|1|1|1|1|1|1|1
MUTANT 759|1367ms|1|1|0|1|1|1|1|1|1|1|1
MUTANT 760|1381ms|1|0|0|1|1|1|1|1|1|1|1
MUTANT 761|1386ms|1|0|0|1|1|1|1|1|1|1|1
MUTANT 762|1474ms|1|0|0|1|1|1|1|1|1|1|1
MUTANT 764|1348ms|1|0|0|1|1|1|1|1|1|1|1
MUTANT 763|1404ms|1|0|0|1|1|1|1|1|1|1|1
MUTANT 765|1394ms|1|0|0|1|1|1|1|1|1|1|1
MUTANT 766|1399ms|1|0|0|1|1|1|1|1|1|1|1
MUTANT 767|1439ms|1|1|0|1|1|1|1|1|1|1|1
MUTANT 768|1448ms|1|0|0|1|1|1|1|1|1|1|1
MUTANT 769|1523ms|1|0|0|1|1|1|1|1|1|1|1
MUTANT 770|1501ms|1|0|1|1|1|1|1|1|1|1|1
MUTANT 771|1401ms|1|0|1|1|1|1|1|1|1|1|1
MUTANT 772|1414ms|1|0|1|1|1|1|1|1|1|1|1
MUTANT 773|1440ms|1|0|1|1|1|1|1|1|1|1|1
MUTANT 774|1456ms|1|0|1|1|1|1|1|1|1|1|1
MUTANT 775|1330ms|1|0|1|1|1|1|1|1|1|1|1
MUTANT 776|1354ms|1|0|1|1|1|1|1|1|1|1|1
MUTANT 777|1401ms|1|0|1|1|1|1|1|1|1|1|1
MUTANT 778|1451ms|1|0|1|1|1|1|1|1|1|1|1
MUTANT 780|1403ms|1|0|1|1|1|1|1|1|1|1|1
MUTANT 779|1483ms|1|0|1|1|1|1|1|1|1|1|1
MUTANT 781|1379ms|1|0|1|1|1|1|1|1|1|1|1
MUTANT 782|1506ms|1|0|1|1|1|1|1|1|1|1|1
MUTANT 783|1383ms|1|0|1|1|1|1|1|1|1|1|1
MUTANT 784|1405ms|1|0|1|1|1|1|1|1|1|1|1
MUTANT 785|1337ms|1|0|1|1|1|1|1|1|1|1|1
MUTANT 786|1382ms|1|0|1|1|1|1|1|1|1|1|1
MUTANT 787|1453ms|1|0|1|1|1|1|1|1|1|1|1
MUTANT 788|1463ms|1|0|1|1|1|1|1|1|1|1|1
MUTANT 789|1406ms|1|0|1|1|1|1|1|1|1|1|1
MUTANT 790|1710ms|1|0|1|1|1|1|1|1|1|1|1
MUTANT 791|1622ms|1|0|1|1|1|1|1|1|1|1|1
MUTANT 792|1666ms|1|0|1|1|1|1|1|1|1|1|1
MUTANT 793|1653ms|1|0|1|1|1|1|1|1|1|1|1
MUTANT 794|1468ms|1|0|1|1|1|1|1|1|1|1|1
MUTANT 795|1411ms|1|0|1|1|1|1|1|1|1|1|1
MUTANT 796|1432ms|1|0|1|1|1|1|1|1|1|1|1
MUTANT 797|1402ms|1|0|1|1|1|1|1|1|1|1|1
MUTANT 798|1356ms|1|0|1|1|1|1|1|1|1|1|1
MUTANT 799|1340ms|1|0|1|1|1|1|1|1|1|1|1
MUTANT 800|1402ms|1|0|1|1|1|1|1|1|1|1|1
MUTANT 801|1398ms|1|0|1|1|1|1|1|1|1|1|1
MUTANT 802|1427ms|1|0|1|1|1|1|1|1|1|1|1
MUTANT 803|1422ms|1|0|1|1|1|1|1|1|1|1|1
MUTANT 804|1416ms|1|0|1|1|1|1|1|1|1|1|1
MUTANT 805|1452ms|1|0|1|1|1|1|1|1|1|1|1
MUTANT 806|1382ms|1|0|1|1|1|1|1|1|1|1|1
MUTANT 807|1504ms|1|0|1|1|1|1|1|1|1|1|1
MUTANT 808|1395ms|1|0|1|1|1|1|1|1|1|1|1
MUTANT 809|1435ms|1|0|1|1|1|1|1|1|1|1|1
MUTANT 810|1384ms|1|0|1|1|1|1|1|1|1|1|1
MUTANT 811|1402ms|1|0|1|1|1|1|1|1|1|1|1
MUTANT 812|1412ms|1|0|1|1|1|1|1|1|1|1|1
MUTANT 813|1416ms|1|0|1|1|1|1|1|1|1|1|1
MUTANT 814|1447ms|1|0|0|1|1|1|1|1|1|1|1
MUTANT 815|1369ms|1|0|0|1|1|1|1|1|1|1|1
MUTANT 816|1397ms|1|0|0|1|1|1|1|1|1|1|1
MUTANT 817|1409ms|1|0|0|1|1|1|1|1|1|1|1
MUTANT 818|1409ms|1|0|0|1|1|1|1|1|1|1|1
MUTANT 819|1374ms|1|0|0|1|1|1|1|1|1|1|1
MUTANT 820|1451ms|1|0|0|1|1|1|1|1|1|1|1
MUTANT 821|1445ms|1|0|0|1|1|1|1|1|1|1|1
MUTANT 822|1382ms|1|0|0|1|1|1|1|1|1|1|1
MUTANT 823|1393ms|1|0|0|1|1|1|1|1|1|1|1
MUTANT 824|1446ms|1|0|0|1|1|1|1|1|1|1|1
MUTANT 825|1444ms|1|0|0|1|1|1|1|1|1|1|1
MUTANT 826|1379ms|1|0|0|1|1|1|1|1|1|1|1
MUTANT 827|1400ms|1|0|0|1|1|1|1|1|1|1|1
MUTANT 828|1377ms|1|0|0|1|1|1|1|1|1|1|1
MUTANT 829|1421ms|1|0|0|1|1|1|1|1|1|1|1
MUTANT 830|1409ms|1|0|0|1|1|1|1|1|1|1|1
MUTANT 831|1400ms|1|0|0|1|1|1|1|1|1|1|1
MUTANT 832|1414ms|1|0|0|1|1|1|1|1|1|1|1
MUTANT 833|1474ms|1|0|0|1|1|1|1|1|1|1|1
MUTANT 834|1460ms|1|0|0|1|1|1|1|1|1|1|1
MUTANT 835|1452ms|1|0|0|1|1|1|1|1|1|1|1
MUTANT 836|1454ms|1|0|0|1|1|1|1|1|1|1|1
MUTANT 837|1383ms|1|0|0|1|1|1|1|1|1|1|1
MUTANT 838|1662ms|1|0|0|1|1|1|1|1|1|1|1
MUTANT 839|1832ms|1|0|1|1|1|1|1|1|1|1|1
MUTANT 840|1742ms|1|0|1|1|1|1|1|1|1|1|1
MUTANT 841|1660ms|1|0|1|1|1|1|1|1|1|1|1
MUTANT 842|1507ms|1|0|1|1|1|1|1|1|1|1|1
MUTANT 843|1501ms|1|1|0|1|1|1|1|1|1|1|1
MUTANT 844|1403ms|1|0|1|1|1|1|1|1|1|1|1
MUTANT 845|1483ms|1|0|1|1|1|1|1|1|1|1|1
MUTANT 846|1373ms|1|0|1|1|1|1|1|1|1|1|1
MUTANT 847|1395ms|1|0|1|1|1|1|1|1|1|1|1
MUTANT 848|1359ms|1|0|0|1|1|1|1|1|1|1|1
MUTANT 849|1444ms|1|0|0|1|1|1|1|1|1|1|1
MUTANT 850|1362ms|1|0|0|1|1|1|1|1|1|1|1
MUTANT 852|1447ms|1|0|0|1|1|1|1|1|1|1|1
MUTANT 851|1506ms|1|0|0|1|1|1|1|1|1|1|1
MUTANT 853|1425ms|1|0|0|1|1|1|1|1|1|1|1
MUTANT 854|1544ms|1|0|0|1|1|1|1|1|1|1|1
MUTANT 855|1335ms|1|0|0|1|1|1|1|1|1|1|1
MUTANT 856|1403ms|1|0|0|1|1|1|1|1|1|1|1
MUTANT 857|1398ms|1|0|0|1|1|1|1|1|1|1|1
MUTANT 858|1358ms|1|0|0|1|1|1|1|1|1|1|1
MUTANT 859|1393ms|1|0|0|1|1|1|1|1|1|1|1
MUTANT 860|1505ms|1|0|0|1|1|1|1|1|1|1|1
MUTANT 861|1394ms|1|0|0|1|1|1|1|1|1|1|1
MUTANT 862|1568ms|1|0|0|1|1|1|1|1|1|1|1
MUTANT 864|1356ms|1|0|0|1|1|1|1|1|1|1|1
MUTANT 863|1634ms|1|0|0|1|1|1|1|1|1|1|1
MUTANT 865|1543ms|1|0|0|1|1|1|1|1|1|1|1
MUTANT 866|1392ms|1|0|0|1|1|1|1|1|1|1|1
MUTANT 868|1353ms|1|0|0|1|1|1|1|1|1|1|1
MUTANT 867|1414ms|1|0|0|1|1|1|1|1|1|1|1
MUTANT 869|1457ms|1|0|0|1|1|1|1|1|1|1|1
MUTANT 870|1439ms|1|0|0|1|1|1|1|1|1|1|1
MUTANT 872|1345ms|1|0|0|1|1|1|1|1|1|1|1
MUTANT 871|1403ms|1|0|0|1|1|1|1|1|1|1|1
MUTANT 873|1448ms|1|0|0|1|1|1|1|1|1|1|1
MUTANT 874|1405ms|1|0|0|1|1|1|1|1|1|1|1
MUTANT 875|1422ms|1|0|0|1|1|1|1|1|1|1|1
MUTANT 876|1406ms|1|0|0|1|1|1|1|1|1|1|1
MUTANT 877|1429ms|1|0|0|1|1|1|1|1|1|1|1
MUTANT 878|1406ms|1|0|0|1|1|1|1|1|1|1|1
MUTANT 879|1390ms|1|0|0|1|1|1|1|1|1|1|1
MUTANT 880|1366ms|1|0|0|1|1|1|1|1|1|1|1
MUTANT 881|1436ms|1|0|1|1|1|1|1|1|1|1|1
MUTANT 882|1367ms|1|0|1|1|1|1|1|1|1|1|1
MUTANT 884|1358ms|1|0|0|1|1|1|1|1|1|1|1
MUTANT 883|1425ms|1|0|1|1|1|1|1|1|1|1|1
MUTANT 885|1371ms|1|0|0|1|1|1|1|1|1|1|1
MUTANT 886|1311ms|1|0|0|1|1|1|1|1|1|1|1
MUTANT 887|1360ms|1|0|0|1|1|1|1|1|1|1|1
MUTANT 888|1405ms|1|0|0|1|1|1|1|1|1|1|1
MUTANT 889|1407ms|1|0|0|1|1|1|1|1|1|1|1
MUTANT 890|1347ms|1|0|0|1|1|1|1|1|1|1|1
MUTANT 891|1473ms|1|0|0|1|1|1|1|1|1|1|1
MUTANT 892|1480ms|1|0|0|1|1|1|1|1|1|1|1
MUTANT 893|1472ms|1|0|0|1|1|1|1|1|1|1|1
MUTANT 894|1412ms|1|0|0|1|1|1|1|1|1|1|1
MUTANT 895|1434ms|1|0|0|1|1|1|1|1|1|1|1
MUTANT 896|1370ms|1|0|0|1|1|1|1|1|1|1|1
MUTANT 897|1421ms|1|0|0|1|1|1|1|1|1|1|1
MUTANT 898|1425ms|1|0|0|1|1|1|1|1|1|1|1
MUTANT 900|1359ms|1|0|0|1|1|1|1|1|1|1|1
MUTANT 899|1426ms|1|0|0|1|1|1|1|1|1|1|1
MUTANT 901|1369ms|1|0|0|1|1|1|1|1|1|1|1
MUTANT 902|1408ms|1|0|0|1|1|1|1|1|1|1|1
MUTANT 903|1387ms|1|0|0|1|1|1|1|1|1|1|1
MUTANT 904|1377ms|1|0|0|1|1|1|1|1|1|1|1
MUTANT 905|1428ms|1|0|0|1|1|1|1|1|1|1|1
MUTANT 906|1403ms|1|0|1|1|1|1|1|1|1|1|1
MUTANT 908|1355ms|1|0|0|1|1|1|1|1|1|1|1
MUTANT 907|1376ms|1|0|0|1|1|1|1|1|1|1|1
MUTANT 909|1440ms|1|0|0|1|1|1|1|1|1|1|1
MUTANT 910|1385ms|1|0|0|1|1|1|1|1|1|1|1
MUTANT 912|1262ms|1|0|1|1|1|1|1|1|1|1|1
MUTANT 911|1287ms|1|0|1|1|1|1|1|1|1|1|1
MUTANT 914|1311ms|1|1|1|1|1|1|1|1|1|1|1
MUTANT 916|1311ms|1|1|1|1|1|1|1|1|1|1|1
MUTANT 913|1334ms|1|1|1|1|1|1|1|1|1|1|1
MUTANT 915|1461ms|1|1|1|1|1|1|1|1|1|1|1
MUTANT 918|1470ms|1|1|1|1|1|1|1|1|1|1|1
MUTANT 917|1538ms|1|1|1|1|1|1|1|1|1|1|1
MUTANT 919|1621ms|1|1|1|1|1|1|1|1|1|1|1
MUTANT 920|1633ms|1|1|1|1|1|1|1|1|1|1|1
MUTANT 921|1370ms|1|1|1|1|1|1|1|1|1|1|1
MUTANT 922|1376ms|0|1|1|1|1|1|1|1|1|1|1
MUTANT 923|1391ms|1|1|1|1|1|1|1|1|1|1|1
MUTANT 924|1383ms|1|1|1|1|1|1|1|1|1|1|1
MUTANT 926|1331ms|1|1|1|1|1|1|1|1|1|1|1
MUTANT 925|1415ms|0|1|1|1|1|1|1|1|1|1|1
MUTANT 927|1387ms|1|1|1|1|1|1|1|1|1|1|1
MUTANT 928|1404ms|0|1|1|1|1|1|1|1|1|1|1
MUTANT 930|1334ms|0|1|1|1|1|1|1|1|1|1|1
MUTANT 929|1380ms|0|1|1|1|1|1|1|1|1|1|1
MUTANT 931|1403ms|0|1|1|1|1|1|1|1|1|1|1
MUTANT 932|1498ms|0|1|1|1|1|1|1|1|1|1|1
MUTANT 934|1441ms|1|1|1|1|1|1|1|1|1|1|1
MUTANT 933|1482ms|0|1|1|1|1|1|1|1|1|1|1
MUTANT 935|1541ms|0|1|1|1|1|1|1|1|1|1|1
MUTANT 936|1501ms|1|1|1|1|1|1|1|1|1|1|1
MUTANT 938|1342ms|1|1|1|1|1|1|1|1|1|1|1
MUTANT 937|1357ms|0|1|1|1|1|1|1|1|1|1|1
MUTANT 939|1434ms|1|1|1|1|1|1|1|1|1|1|1
MUTANT 940|1386ms|1|1|1|1|1|1|1|1|1|1|1
MUTANT 941|1280ms|1|1|1|1|1|1|1|1|1|1|1
MUTANT 942|1368ms|1|1|1|1|1|1|1|1|1|1|1
MUTANT 943|1389ms|0|1|1|1|1|1|1|1|1|1|1
MUTANT 944|1363ms|1|1|1|1|1|1|1|1|1|1|1
MUTANT 945|1440ms|1|1|1|1|1|1|1|1|1|1|1
MUTANT 946|1363ms|1|1|1|1|1|1|1|1|1|1|1
MUTANT 947|1436ms|1|1|1|1|1|1|1|1|1|1|1
MUTANT 948|1316ms|0|1|1|1|1|1|1|1|1|1|1
MUTANT 949|973ms|0|1|1|1|1|1|1|1|1|1|1
